description,classes,duration
Разметить данные,Работа,20160
Сделать ТАУ,Образование,60
Сходить в магазин за продуктами,Покупки,45
Сходить в магазин,Покупки,120
Приготовить обед,Быт,90
Погулять с собакой,Быт,30
Работа,Работа,480
Сходить за водой,Быт,10
Сделать китайский,Образование,120
Выучить слова,Образование,60
ВУЗ,Образование,480
Просмотр фильма,Развлечения,120
Попрогать,Образование,120
Программирование,Образование,120
Собрать мебель,Быт,180
Собрать шкаф,Быт,180
Собрать стул,Быт,180
Погулять с другом,Развлечения,240
Зарегестрироваться в вк,Документы,5
Сходить в МФЦ,Документы,60
Погулять с братом,Быт,60
Приготовить ужин,Быт,90
Приготовить завтрак,Быт,20
Сходить за одеждой,Покупки,240
Купить одежду,Покупки,240
Убраться,Быт,180
Помыть полы,Быт,45
Протереть пыль,Быт,20
Отдых,Развлечения,1440
ТАУ,Образование,80
Китайский,Образование,80
Японский,Образование,80
Немецкий,Образование,40
Английский,Образование,40
Математика,Образование,40
Русский,Образование,40
Русский язык,Образование,40
ОБЖ,Образование,40
БЖД,Образование,80
Ключи,Быт,60
Сделать ключи,Быт,60
Купить зарядку,Покупки,45
Зарядка,Покупки,45
Погулять,Развлечения,240
Игра на гитаре,Хобби,60
Рисование,Образование,40
Порисовать,Хобби,60
Музыка,Образование,40
Химия,Образование,40
Парк развлечений,Развлечения,480
Зубной,Здоровье,120
Сходить к врачу,Здоровье,120
Сходить к зубному,Здоровье,120
Сходить к лору,Здоровье,60
Сходить к терапевту,Здоровье,60
Терапевт,Здоровье,60
Лор,Здоровье,60
Заняться докером,Образование,90
Школа 21,Образование,720
Матеша,Образование,40
Оплатить интернет,Покупки,5
Погулять с девушкой,Отношения,120
Прога,Образование,120
Спроектировать БД,Работа,40
Покормить собаку,Быт,5
Покормить кота,Быт,5
Покормить рыбок,Быт,5
Поездка на море,Развлечения,20160
Алгоритмы,Образование,60
Вычить алгоритмы,Образование,60
Сходить в ресторан,Развлечения,120
Сходить в ресторан с девушкой,Отношения,180
Стирка,Быт,15
Постирать вещи,Быт,15
Подать документы в ВУЗ,Документы,60
Школа,Образование,360
Купить водяной пистолет,Покупки,15
Приготовить торт,Быт,120
Надуть шарики,Развлечения,20
Купить билет на поезд,"Быт, Покупки",30
Пофиксить баг,"Работа, Образование",60
Написать сайт,"Работа, Образование",4320
Разработать дизайн сайта,"Работа, Образование",1440
Создать презентацию,Образование,40
Написать доклад,Образование,40
Врач,Здоровье,60
Доктор,Здоровье,60
Испечь торт,"Быт, Развлечения",180
Испечь пирог,"Быт, Развлечения",180
Купить конфеты,Покупки,30
Купить цветы,Покупки,30
Хакатон,Образование,7200
Сделать МКП,Образование,90
Повторить стих,Образование,30
Стих,Образование,60
Стихотворение,Образование,60
Проверить сочинение,"Образование, Работа, Быт",20
Написать эссе,Образование,90
Сходить в ТЦ,"Развлечения, Покупки",120
Сходить в кино,Развлечения,180
Кинотеатр,"Развлечения, Покупки",180
Сходить в DNS,"Развлечения, Покупки",120
Оформить визу,Документы,120
Оформить загранник,Документы,120
Загранпаспорт,Документы,120
Зарядка,"Здоровье, Спорт, Быт, Хобби",60
Пробежка,"Здоровье, Спорт, Быт, Хобби",60
Спортзал,"Здоровье, Спорт, Быт, Хобби",60
Сходить в зал,"Здоровье, Спорт, Быт, Хобби",60
Плаванье,"Здоровье, Спорт, Быт, Хобби",60
Бассейн,"Здоровье, Спорт, Быт, Хобби",60
Борьба,"Здоровье, Спорт, Быт, Хобби",60
Футбол,"Здоровье, Спорт, Быт, Хобби",60
Баскетбол,"Здоровье, Спорт, Быт, Хобби",60
Волейбоол,"Здоровье, Спорт, Быт, Хобби",60
Хоккей,"Здоровье, Спорт, Быт, Хобби",60
Создать БД,"Образование, Работа",30
Создать базу данных,"Образование, Работа",30
Парикмахерская,Красота,90
Оплатить связь,Покупки,5
Оплатить кредит,"Покупки, Быт",5
Оплатить ипотеку,"Покупки, Быт",5
Оплатить арнеду,"Покупки, Быт",5
Оплатить ЖКХ,"Покупки, Быт",5
Оплатить комуналку,"Покупки, Быт",5
Купить мясо,"Покупки, Быт",30
Купить овощи,"Покупки, Быт",30
Купить фрукты,"Покупки, Быт",30
Вызвать мастера,"Покупки, Быт",5
Вызвать сантехника,"Покупки, Быт",5
Вызвать слесаря,"Покупки, Быт",5
Оплатить проездной,"Покупки, Быт",5
Сходить в МФЦ,Документы,60
Бар,"Развлечения, Покупки",180
Сходить в бар,Развлечения,180
Сходить в аптеку,"Покупки, Здоровье",30
Аптека,"Покупки, Здоровье",30
Исправить сочинение,Образование,15
Доучить стих,Образование,60
Встреча с Разумным,"Образование, Работа, Встречи",30
Скачать музыку,Быт,30
Скачать фильм,Быт,30
Начать делать проект,"Образование, Работа",10
Закончить делать проект,"Образование, Работа",15
Свадьба,Развлечения,1440
ЗАГС,Документы,90
Сходить на собрание,Быт,60
Починить разетку,Быт,30
Сломать чайник,Быт,10
Купить фейрверки,Покупки,30
Запуск фейрверков,Развлечения,20
Оплатить налог,Покупки,5
Получить справку,Документы,30
Оплатить китайский,Покупки,5
Оплатить модуль переводчика,Покупки,5
Подать документы в колледж,Документы,90
Подать документы в шарагу,Документы,90
Шарага,Образование,480
Колледж,Образование,480
ГИС,Образование,40
Театр,"Развлечения, Образование",180
Сходить в театр,"Развлечения, Образование",180
Сходить в цирк,Развлечения,180
Цирк,Развлечения,180
Пройти мед комиссию,"Быт, Здоровье",240
Посадить дерево,Быт,60
Посадить морковь,Быт,60
Посадить картошку,Быт,60
Переустановить винду,Быт,40
Переустановить виндовс,Быт,40
Зайти на почту,Быт,30
Отправить посылку,Быт,30
Забрать посылку,Быт,30
Отправить письмо,Быт,30
Забрать письмо,Быт,30
Оплатить гос пошлину,Покупки,5
Собрать диван,Быт,120
Собрать кровать,Быт,120
Разобрать мебель,Быт,120
Разобрать диван,Быт,120
Разобрать кровать,Быт,120
Разобрать шкаф,Быт,120
Отнести вещи в хим чистку,"Быт, Покупки",30
Забрать вещи из хим чистки,"Быт, Покупки",30
Хим чистка,"Быт, Покупки",30
Отправить проект,Образование,10
Отправить данные,Образование,10
Готовка,"Быт, Развлечения",60
Баня,"Развлечения, Здоровье",60
Детский сад,"Быт, Образование",30
Шашлыки,"Покупки, Развлечения",480
Сделать ключи,"Быт, Покупки",30
Восстановить ключи,"Быт, Покупки",30
Восстановить паспорт,"Документы, Покупки",120
Смена паспорта,Документы,120
Паспорт,Документы,120
Восстановить СНИЛС,"Документы, Покупки",120
СНИЛС,Документы,120
Купить мясо,"Покупки, Быт",30
Замариновать мясо,Быт,60
Купить билеты,Покупки,60
Концерт,Развлечения,240
Маскитная сетка,Быт,30
Установить маскитную сетку,Быт,30
Удалить винду,"Быт, Развлечения",10
Купить кирпичи,Покупки,60
Баня,"Развлечения, Здоровье",60
Купить ручки,"Покупки, Быт",30
Спорт,"Спорт, Хобби, Быт",60
Пробежка,"Спорт, Хобби, Быт",60
Прогулка,"Спорт, Хобби, Быт",60
Лыжи,"Спорт, Хобби, Быт",60
Скейт,"Спорт, Хобби, Быт",60
Велопрогулка,"Спорт, Хобби, Быт",60
Вечеринка,Развлечения,240
Литкод,Образование,90
Кодфорсес,Образование,90
LeetCode,Образование,90
Codeforces,Образование,90
Конверировать ворд в пдф,"Быт, Образование",5
Конвертировать word в pdf,"Быт, Образование",5
Выложить проект на GitHub,"Быт, Образование",15
Игра с друзьями,"Развлечения, Встречи",180
Купить машину,Покупки,180
Заменить замки,"Быт, Покупки",30
Нарубить дров,Быт,30
Натоскать дров,Быт,30
Принести дрова,Быт,30
Отдых,Развлечения,90
Купить бензин,Покупки,30
Покрасить забор,Быт,60
Покрасить дом,Быт,120
Поклеить обои,Быт,180
Купить обои,"Быт, Покупки",30
Выбрать обои,"Быт, Покупки",60
Назначить встречу,"Быт, Встречи",30
Купить телефон,Покупки,60
Очистить телефон от мусора,Быт,30
Очистить компьютер от мусора,Быт,40
Уборка дома,Быт,40
Убраться,Быт,40
Прибраться,Быт,40
Поставить палатку,"Хобби, Развлечения",30
Выдернуть сорняки,Быт,30
Собрать ягоды,"Хобби, Быт",60
Собрать клубнику,"Хобби, Быт",60
Собрать малину,"Хобби, Быт",60
Сборать смородину,"Хобби, Быт",60
Собрать яблоки,"Хобби, Быт",60
Собрать грушу,"Хобби, Быт",60
Выкопать картошку,"Хобби, Быт",60
Выкопать марковь,"Хобби, Быт",60
Поставить теплицу,Быт,180
Установить теплицу,Быт,180
др,Развлечения,480
Матан,Образование,90
Проверить почту,Быт,30
Сходить на почту,Быт,30
Наворовать металла,"Хобби, Быт",120
Выучить таблицу мендеелева,Образование,90
Выучить стих,Образование,90
Выучить басню,Образование,90
Гитара,"Образование, Хобби",90
Скрипка,"Образование, Хобби",90
Веолончель,"Образование, Хобби",90
Пианино,"Образование, Хобби",90
Фортепиано,"Образование, Хобби",90
Скачать ВПН,"Быт, Покупки",30
Удалить вирусы,Быт,30
Скачать VPN,Быт,30
Оформить гит,"Образование, Развлечения",60
Оформить GitHub,"Образование, Развлечения",60
Установить  Excel,"Образование, Быт",30
Сделать презентацию,Образование,30
Написать доклад,Образование,30
Взломать пентагон,"Образование, Работа, Хобби, Быт",43200
Устроиться работать в гугл,"Работа, Образование",43200
Ателье,Покупки,30
Интервью,"Работа, Хобби, Встречи",180
Уроки,Образование,480
Пары,Образование,480
Написать преподавателю,"Образование, Быт",15
Написать девушке,Отношения,15
Написать другу,Быт,15
Написать подруге,Быт,15
Обсудить повышение,Работа,60
Сходить в приют,"Быт, Хобби",120
Поменять лоток,Быт,15
Обновить данные,Быт,30
Сходить в банк,Быт,30
Ресторан,"Развлечения, Покупки",120
Море,"Развлечения, Покупки, Путешествия",20160
Купить обувь,Покупки,120
Рыбалка,Хобби,1440
Собеседование,Работа,60
Обучить модель,Образование,120
Арендовать сервер,"Образование, Покупки, Быт",30
Сделать перестановку,Быт,60
Перестановка,Быт,60
Накачать музла,Быт,30
Купить зарядку,Покупки,30
Повесить картину,Быт,15
Скачать мем,"Быт, Развлечения",5
Почистить телеграмм,Быт,20
Написать начальству,Работа,15
Распечатать доклад,Образование,10
Скачать игру,Быт,15
Поставить игру на скачивание,Быт,15
Написать диаграмму Ганта,Образование,60
Прочитать статью на Habr,Образование,15
Скачать фильм,Быт,30
Выучить таблицу умножения,Образование,60
Купить билет в кино,Покупки,60
Купить билет в цирк,Покупки,60
Армия,Быт,120
Каникулы,Развлечения,1080
Повторить иероглифы,Образование,60
Подготовка к контрольной,Образование,60
Выучить MongoDB,Образование,60
Выбрать книгу для чтения,Образование,20
Сделать флюрографию,Здоровье,60
Пройти мед осмотр,Здоровье,120
Купить батарейки,Покупки,30
Отнести ноутбук в ремонт,"Покупки, Быт",30
Отнести телефон в ремонт,"Покупки, Быт",30
Купить новый пульт,"Покупки, Быт",30
Заказать неоновую вывеску,Покупки,40
Читаю книгу,Образование,60
Заказать клавиатуру,Покупки,30
Заказать монитор,Покупки,30
Изучить план пожарной эвакуации,Образование,30
Скачать AdBlock,Быт,30
Написать свой пет-проект,Образование,1440
Подать заявку на стажировку,"Работа, Образование",30
Попрактиковать алгоритмы на два указателя,Образование,60
Покрасить скамейку,Быт,30
Купить цветы,Покупки,30
Написать открытку,Быт,15
Нарисовать картину,Образование,120
Сделать ИДЗ,Образование,90
Выучить схему метро,Образование,60
Накопать угля,Работа,240
Изучение робототехники,Образование,90
Оформить гражданство,Документы,240
Сделать рентген,Здоровье,60
Сделать КТ,Здоровье,60
Сходить на прививку,Здоровье,60
Проверить электронную почту,Быт,15
Сходить в лес,Развлечения,90
Плаванье,"Здоровье, Спорт, Быт",90
Сходить в бассейн,"Здоровье, Спорт, Быт",90
Сходить на турники,"Здоровье, Спорт, Быт",30
Турнички,"Здоровье, Спорт, Быт",30
Купить канц товары,Покупки,30
Купить канцелярию,Покупки,30
Закатать соленья,Быт,90
Приготовить варенье,Быт,180
Написать другу,"Развлечения, Быт",15
Посетить психиатра,Здоровье,60
Психолог,Здоровье,60
Купить карты,Покупки,30
Комп клуб,Развлечения,180
Учусь готовить,"Развлечения, Образование, Хобби",120
Вокал,Образование,90
Отпраздновать сдачу экзамена,Развлечения,120
Купить таблетки от головы,"Здоровье, Покупки",30
Отнести ноутбук в ремонт,"Быт, Покупки",30
Отнести телефон в ремонт,"Быт, Покупки",30
Дописать сочинение,Образование,30
Отнести рюкзак в ремонт,"Быт, Покупки",30
Отнести сумку в ремонт,"Быт, Покупки",30
Купить зонт,Покупки,30
Зайти в магазин,Покупки,40
Зайти в гости,Встречи,120
Написать другу,"Быт, Развлечения",15
Разобрать сообщения,Быт,20
Увольнение,Работа,60
Подточить карандаши,Быт,15
Купить краски,Покупки,30
Кружок юных стеклодувов,Хобби,60
Поменять колёса,Быт,60
Обновить резину,Быт,60
Разобрать балкон,Быт,60
Тех обслуживание,Покупки,60
Повесить герлянду,Быт,30
Собрать ёлку,"Быт, Развлечения",40
Украсить ёлку,"Быт, Развлечения",30
Купить украшения для ёлки,"Быт, Покупки",30
Приготовить еду,Быт,60
Починить мышку,Быт,40
Починить клавиатуру,Быт,40
Заказать стекло для телефона,Покупки,20
Забрать посылку,Быт,30
Отправить посылку,Быт,30
Поставить повер банк на зарядку,Быт,5
Посмотреть обзор Alice AI,Развлечения,90
Найти помощника для разметки данных,Быт,15
Отключить подписку,"Быт, Покупки",30
Выполнить китайский,Образование,90
Проверить яндекс почту,Быт,10
Проверить Telegram,Быт,10
Выполнить тестовое задание,"Работа, Образование",180
Сходить к подологу,Здоровье,60
Записаться к врачу,Здоровье,20
Сходить в военкомат,Быт,120
Военкомат,Быт,120
Мед осмотр,Здоровье,180
Забрать аттестат,"Образование, Документы",60
Написать читательский дневник,"Быт, Образование",30
Сходить в библиотеку,"Образование, Быт",30
Вернуть книгу,"Образование, Быт",30
Поменять батарейки,Быт,5
Почитать учебник по физике,Образование,60
Выучить таблицу умножения,Образование,60
Выучить таблицу квадратов,Образование,60
Сдать кровь,Здоровье,60
Приём пациентов,"Здоровье, Работа",240
Обед,Развлечения,30
Заполнение документации,"Документы, Быт",60
Проверка домашних работ,"Работа, Быт",240
Составление плана занятий,"Здоровье, Быт, Образование, Работа",60
Вышивание,"Образование, Хобби",60
Послушать подкаст,Образование,90
Составить колесо баланса,"Быт, Хобби",60
Сделать перестановку,"Быт, Развлечения",60
Создать уют в доме,"Быт, Развлечения",40
Почистить подписки в Instagram,Быт,15
Кинотеатр,Развлечения,180
Покрасить волосы,"Красота, Развлечения",60
Подготовка к марафону,"Здоровье, Спорт",90
Покататься на мотоцикле,Развлечения,120
Прыгнуть с парашютом,Развлечения,60
Не спать 24 часа,Развлечения,1440
Погладить вещи,Быт,60
Отмыть духовку,Быт,45
Убрать зимние вещи,Быт,45
Полить цветы,Быт,10
Составить меню,"Быт, Здоровье",60
Перебрать детские вещи,Быт,30
Прибрать стол,Быт,15
Помыть холодильник,Быт,30
Помыть раковину,Быт,15
Почистить плиту,Быт,30
Вытереть люстры,Быт,20
Перебрать квитанции,"Быт, Документы",30
Постирать шторы,Быт,60
Помыть окна,Быт,30
Убрать зимнюю обувь,Быт,20
Сказать себе комплемент,Быт,5
Подарить цветы маме,"Развлечения, Быт",30
Подаррить цветы девушке,"Развлечения, Быт, Отношения",30
Написать отзыв,"Развлечения, Быт",10
Съездить к бабушке,"Развлечения, Быт",240
Прочитать новости,Быт,10
Полистать пинтерест,Быт,10
Разобрать аптечку,"Здоровье, Быт",30
Купить аптечку,"Покупки, Быт",30
Разобрать чемодан,Быт,30
Починить розетку,"Быт, Работа",30
Повесить картину,Быт,15
Отмыть пятна с дивана,Быт,60
Душ,"Здоровье, Быт",15
Йога,"Здоровье, Быт, Спорт, Хобби",60
Уборка кроватей,Быт,60
Сказка на ночь,"Быт, Развлечения",30
Тихий час,"Быт, Здоровье",60
Развесить бельё,Быт,30
Медитация,"Быт, Здоровье",60
Стрим,"Быт, Работа, Хобби, Развлечения",120
Изучить виды сплавов металлов,"Быт, Образование",90
Придумать квест с сюрпризами,"Быт, Работа",90
Сделать подарок своими руками,"Быт, Развлечения",180
Придумать подарок своими руками,"Быт, Развлечения",60
Купить сувениры,Покупки,30
Устроить секретную вечеринку,Развлечения,60
Выучить 10 новых слов,Образование,20
Нашагать 10000 шагов,"Спорт, Здоровье",1440
Контрастный душ,Здоровье,10
Прогулка перед сном,"Здоровье, Спорт",15
Записать итоги дня,Быт,15
Записать свой сон,Быт,15
Отнести бумагу в мукулатуру,Быт,60
Прочитать беседу с друзьями,Развлечения,15
Написать в беседу с друзьями,Развлечения,15
Найти хакатон,Образование,30
Найти олимпиаду,"Быт, Образование",40
Подготовка к олимпиаде,Образование,90
Запустить печать на 3D принтере,"Работа, Развлечения, Хобби",60
Разработать модель для принтера,"Хобби, Образование, Работа",40
Выполнить тест по ОБЖ,Образование,10
Сменить пароль в соц сетях,"Быт, Образование",30
Сменить номер телефона в соц сетях,"Покупки, Быт",15
Пополнить вклад,"Быт, Покупки",5
Пополнить счёт в банке,"Покупки, Быт",5
Настроить умный дом,Быт,60
Зашить игрушку,Быт,10
Кружок юных рукодельников,"Быт, Хобби, Развлечения, Образование",60
Кружок юных рукодельниц,"Быт, Хобби, Развлечения, Образование",60
Написать отзыв на фильм,Быт,3
Выбрать сериал на месяц,Быт,60
Выбросить лишние вещи,Быт,120
Посмтреть задачи на день,Быт,2
Музей,"Образование, Хобби, Развлечения",90
Сходить в музей,"Образование, Хобби, Развлечения",120
Заправить картридж для принтера,Быт,30
Накачать колёса,Быт,30
Смонтировать фильм,"Развлечения, Хобби",90
Сделать монтаж,"Работа, Развлечения, Хобби",60
Отфотошопить картинку,"Работа, Развлечения, Хобби",60
сходить в кино,"Развлечения, Хобби, Покупки",120
забрать шкаф,Быт,60
убраться в комнате,Быт,180
мусор,Быт,10
забрать детей из сада,Быт,30
заплатить за кружки,"Быт, Покупки",10
заплатить за квартиру,"Быт, Покупки",10
поздрвить маму с днем рождения,Быт,10
сходить на рыбалку,"Развлечения, Хобби",1440
погулять с собакой,Быт,20
сдать металлолом,Быт,20
снять видео,"Работа, Хобби, Развлечения",60
написать письмо,Быт,60
покорить Эверест,"Быт, Путешествия, Развлечения",20160
пойти на собеседование,Работа,60
поклеить обои,Быт,180
выбрать новую люстру,"Быт, Покупки",180
поехать на море,"Развлечения, Путешествия",10800
устроить гениральную уборку,Быт,2880
выкинуть мусор,Быт,10
провести операцию на сердце,Работа,60
пойти в церковь,Быт,60
сжечь еретиков,"Быт, Развлечения, Хобби",300
казнить ведьму,"Быт, Развлечения, Хобби",270
устроить фестиваль,"Быт, Развлечения, Хобби, Работа",1440
пойти в магазин,"Быт, Покупки",120
пойти в зоопарк,Развлечения,180
пойти на свидание,"Отношения, Развлечения",60
подготовиться к пасхе,Быт,300
украсить комнату к хеллоуину,"Быт, Развлечения",300
сделать духи,"Работа, Хобби, Развлечения",50
записаться на ноготочки,Красота,120
сделать прическу,Красота,120
набить тату,Красота,60
сделать пирсинг,Красота,15
встреча с министром,"Работа, Встречи",180
разработать игру,"Работа, Развлечения, Хобби",60
посадить дерево,Быт,30
"придумать тему для ""разговоров о важном""",Работа,10
"провести урок ""семьеведения""",Работа,45
построить дом,Работа,576665
починить сарай,"Работа, Быт",3455
сходить в баню,"Быт, Развлечения, Здоровье",60
пойти на распродажу,"Быт, Развлечения",180
сделать отчёт,"Документы, Работа",60
сшить фартук,"Развлечения, Хобби, Работа",60
связать носки,"Развлечения, Хобби, Работа",60
зашить штаны,Быт,15
сходить в отелье,Быт,30
забронировать столик,Покупки,20
позвонить другу,"Развлечения, Быт",69
поехать на природу,"Развлечения, Путешествия",2880
прополоть грядки,"Работа, Быт",60
посадить овощи,"Быт, Работа",30
сделать пугало,"Быт, Развлечения",30
начать ходить в спортзал,"Спорт, Здоровье",10
починить трубопровод,"Работа, Быт",60
научится языку програмирования,"Быт, Работа, Развлечения, Хобби",87650
выучить английский,"Быт, Работа, Хобби",43200
выбрать платье на выпускной,"Быт, Красота",180
сесть на шпагат,"Хобби, Здоровье, Спорт",54000
поменять лампачку,Быт,10
прокатиться на велосипеде,"Развлечения, Спорт, Здоровье, Хобби",60
сварить кашу,Быт,30
посмотреть аниме,"Хобби, Развлечения",300
нарисовать картину,"Работа, Развлечения, Хобби",400
запрограмировать светодиоды,"Работа, Хобби, Развлечения",20
сделать 3d модель машины,"Развлечения, Хобби, Работа",180
выучить расположение букв на клавиатуре,Образование,20
выучить азбуку,Образование,1440
подготовиться к уроку,Образование,40
взломать приложение max,"Работа, Развлечения, Хобби, Быт, Образование",5
покормить куриц,"Быт, Развлечения, Работа",10
сделать косплей,"Хобби, Развлечения, Работа",4000
подготовиться в оге,Образование,4564
выучить билеты,Образование,2880
сделать потделку из шишек,"Образование, Развлечения",30
найти книгу по магии,Образование,1440
запрограмировать робота,"Работа, Хобби, Развлечения",1440
собрать урожай,"Быт, Работа",1440
почистить дороги от снега,Быт,60
достать с балкона ёлку,Быт,20
поймать банку бабочек,"Развлечения, Хобби",20
нанять содрудника,Работа,90
покосить траву,Быт,60
забрать машину из салона,Покупки,80
покормить скот,Быт,5
откормить козла для жертвоприношения,Быт,44570
Поменять батарейки в часах,Быт,5
Завести часы,Быт,5
Завести будилник,Быт,5
Перевести время на часах,Быт,5
обезглавить преступника,Работа,15
отправить Пушкина в сылку,"Работа, Развлечения",15
Cходить в SPAR,Покупки,60
Выполнить домашнее задание по информатике,Образование,150
Продолжить верстку макета,Работа,180
Сходить поиграть в футбол,"Спорт, Встречи, Развлечения",90
Подготовка материалов для учеников,Работа,60
Заказать такси,Покупки,15
Сдать отчет,"Работа, Документы",60
Свидание в ресторане,"Развлечения, Встречи",120
Помочь отцу со стройкой,Быт,75
Убрать комнату,Быт,30
"Посмотреть фильм ""Бешеные псы""",Развлечения,60
Дописать последний трек в моем альбоме,"Хобби, Развлечения",120
Сдать мазок на короновирус,Здоровье,60
Договориться о поездке во Францию,Путешествия,120
Продлить социалку в мфц,Документы,90
Попить кофе с Олегом,Встречи,25
Подготовить подарок на годовщину,Отношения,75
Выучить 100 корейских иероглифов,Образование,240
Купить пончиков коллегам,"Покупки, Работа",30
Нарисовать картину с жутким клоуном,Хобби,120
Записаться к аллергологу,Здоровье,15
Сходить в зал SPIRIT,Спорт,135
Набухаться,Развлечения,480
Съездить к родственникам в Кислозаводск,Путешествия,2880
Купить гитару,"Покупки, Хобби",30
Поменять паспорт,Документы,120
Встретить родителей в аэропорту,Встречи,180
Вынести мусор,Быт,15
Расстаться с девушкой,Отношения,60
Оплатить курс,"Покупки, Образование",20
Обсудить перспективы проекта,"Работа, Образование",90
Выучить стих Крылова,"Хобби, Развлечения",120
Начать пить антидепрессанты,Здоровье,10
Попробовать новую технику жима лежа,Спорт,60
Записать пранк на улице,Развлечения,90
Выехать на озеро с ночевкой,"Путешествия, Развлечения",2880
Купить обручальное кольцо,"Покупки, Отношения",100
Встреча одноклассников,Встречи,300
Нарубить дрова,Быт,100
Пофлиртовать с женой,Отношения,30
Восстановить пароль от корпоративной почты,"Документы, Образование",30
Закрыть долги до дедлайнов,"Работа, Образование",500
Устроить фотосессию девушке,"Отношения, Хобби",120
Поставить капельницу,Здоровье,45
Пробежать милю,Спорт,15
Посмотреть фильм с Марком Уолбергом,Развлечения,120
Уехать на дачу,Путешествия,1440
Выбрать новый холодильник,Покупки,35
Оформить заявление на пособие по безработице,Документы,50
Увидеться с другом по переписке,Встречи,240
Прикрутить полку к стене,Быт,30
Повесить турник,"Быт, Спорт",60
Выяснить отношения с парнем,Отношения,120
Закодироваться,Здоровье,90
Сделать зарядку пока разогревается завтрак,Спорт,10
Поесть овсянку,Быт,30
Посидеть на лекции,Образование,80
Комплексная тренировка фулбади,Спорт,140
Сходить на турники,Спорт,120
Кастрировать кота,"Покупки, Здоровье",45
Сходить на тусовку,Развлечения,300
Обставить новую квартиру,"Красота, Быт, Покупки",720
Улететь в штаты,Путешествия,10080
Купить новую гипоаллергенную подушку,Покупки,30
Заказать осеннюю обувь на озоне,Покупки,30
Отсканировать СНИЛС,Документы,20
Заплатить штраф за нетрезвое вождение,Документы,15
Закрыть карту Тинькофф,Документы,10
Съездить на др,"Встречи, Развлечения",300
Подготовиться к кр по англу,Образование,360
Изучить файл омофонов и омографов,Образование,90
Подготовить доклад на тему митоз мейоз,Образование,100
Выбрать тему научно исследовательской работы,Образование,25
Написать научнику насчет диплома,Образование,20
Уволиться из HireNET,Работа,20
Деловая встреча с преподавателем Королевским,"Работа, Встречи",120
Обсудить архитектуру базы данных,Работа,90
Придумать новую тему оформления проекта,"Работа, Хобби",720
Миша клиент,Работа,60
Прогуляться с музыкой,"Хобби, Развлечения",50
Приготовить стейки,"Быт, Хобби, Развлечения",100
Почитать мангу,"Хобби, Развлечения",120
Записать мысли в дневник,Хобби,30
Пошутить над соседом,"Хобби, Развлечения",15
Снять гипс,Здоровье,110
Сходить к окулисту,Здоровье,60
Подобрать очки,Здоровье,15
Подтвердить плоскостопие,Здоровье,100
Поменять повязки,Здоровье,10
Сделать укол супрастина,Здоровье,15
Сходить на физру,"Спорт, Образование",80
Научиться играть в керлинг,"Спорт, Развлечения",240
Сходить на матч динамо цска,"Спорт, Развлечения, Хобби",180
Пожать заветную сотку,Спорт,100
Тренировка с тренером,Спорт,60
Полистать тикток,Развлечения,10
Помедитировать,"Развлечения, Хобби",40
Почитать Коран,"Развлечения, Хобби, Образование",60
Посмотреть последний видос эксайла,Развлечения,120
Поиграть с пацанами в пабг,Развлечения,180
Оформить гринкард,"Документы, Путешествия",120
Навестить друга в Дубае,"Путешествия, Встречи",4320
Уехать на Кавказ,Путешествия,10080
Собрать чемоданы,Путешествия,60
Поехать поступать в Уфу,"Путешествия, Образование",2880
Приехать на день открытых дверей в мгту баумана,"Путешествия, Образование",720
Соревнования в Костроме,"Путешествия, Хобби, Спорт",420
Купить новый семнадцатый айфон,Покупки,30
Купить билет туда обратно,"Покупки, Путешествия",25
Купить цветы Веронике,"Покупки, Отношения",40
Купить водительское удостоверение на авито,"Покупки, Документы",25
Купить KIA Sorento,Покупки,60
Подписать договор на работу,Документы,25
Проголосовать на выборах,Документы,40
Заплатить госпошлину,Документы,30
Оплатить налоги самозанятого,Документы,20
Заказать электронные справки ,Документы,15
Встреча с коммандой по хакатону,"Встречи, Образование",120
Навестить учителей в школе,Встречи,180
Встретиться с бывшей отдать вещи,"Встречи, Отношения",5
Созвониться с бабушкой,Встречи,15
Вернуться домой на выходные,"Путешествия, Встречи",2880
Подкалымить у деда,"Быт, Работа, Спорт",120
Покосить траву у дома,Быт,150
Перенести клетку кирпича,Быт,180
Помочь маме с уборкой,Быт,50
Составить график уборки в общежитии,Быт,10
Начать смотреть сериал во все тяжкие с мужем,"Отношения, Развлечения",120
Заказать роллов девушке,"Отношения, Покупки",20
Съездить с парнем на шоппинг,"Отношения, Покупки",150
Устроть романтическое свидание при свечах,Отношения,180
Украсить дом лепестками роз,"Красота, Отношения",60
Выбрать платье на свадьбу,Красота,45
Сделать прическу на день рождения,Красота,130
Депиляция в зоне бикини,Красота,100
Шугаринг,Красота,60
Ламинирование ресничек,Красота,40
Сходить к репетитору по математике,Образование,60
Прочитать учебник по физике,"Образование, Хобби",60
Почитать документацию языка программирования,"Образование, Работа",120
Разметить данные для пет проекта,"Образование, Работа",180
Изучить микросервисную архитектуру веб-приложений,Образование,100
Проконтроллировать стажера,Работа,60
Научить новеньких ровно рисовать линии,Работа,40
Спросить босса о повышении зп,"Работа, Документы",30
Корпоратив,"Работа, Развлечения",200
Рассмотреть офферы,Работа,100
Групповое занятие йогой,Хобби,60
Сходить на секцию по шахматам,"Хобби, Развлечения",60
Разобраться с правилами шашек,"Хобби, Развлечения",120
Посмотреть игру в нарды,"Хобби, Развлечения",40
Разобрать знаменитую партию в шахматы,"Хобби, Образование",120
Начать курс витаминов,Здоровье,20
Начать считать калории,"Здоровье, Спорт",20
Пропить курс каллогена,Здоровье,10
Сходить в аптеку за каплями,"Здоровье, Покупки",50
Получить направление к офтальмологу,"Здоровье, Документы",60
Отжаться сто раз,Спорт,20
Научиться делать подъем с переворотом,Спорт,150
Армрестлинг с кирюхой,"Спорт, Развлечения, Встречи",50
Велогонка до Ростова,Спорт,300
Скандинавская ходьба,"Спорт, Развлечения",180
Покататься на лыжах с папой,"Спорт, Встречи, Развлечения",180
Найти новый сериал на нетфликсе,Развлечения,20
Научиться собирать кубик Рубика,"Развлечения, Хобби",100
Собрать паззл,"Развлечения, Хобби",240
Почитать произведение дубровский,"Развлечения, Хобби",500
Сходить в компьютерный клуб,Развлечения,480
Поиграть в настолки с одногруппниками,"Развлечения, Встречи",300
Забронировать турпоход,"Путешествия, Покупки",30
Выбрать и заказать гида,"Путешествия, Покупки",40
Подарить девушке поездку в Питер,"Путешествия, Покупки, Отношения",30
Спланировать культурную программу в Италии,Путешествия,60
Найти дешевый круиз,"Путешествия, Покупки",50
Купить раскладной диван,Покупки,30
Приобрести сувениры из Парижа,"Покупки, Путешествия",20
Заказать клавиатуру на вб,Покупки,20
Оформить подписку Яндекс Плюс,Покупки,10
Скинуться на подарок умную колонку алису,Покупки,10
Оформить документы на социальную стипендию,Документы,120
Сходить в деканат,"Документы, Образование",90
Оформить больничный,"Документы, Здоровье, Работа",90
Явиться в суд,Документы,180
Перечитать договор,Документы,45
Встретить Ирину Геннадьевну,Встречи,50
Сходить к бабушке,Встречи,60
Остаться на ночевку у друга,Встречи,720
Передать зарядку брату через Гену,Встречи,20
Увидеть брата,Встречи,60
Приехать в роддом к жене,"Встречи, Отношения",180
Полить огурцы,Быт,60
Посадить яблони,Быт,50
Выкопать ямы под деревья,Быт,40
Вспахать картошку,Быт,120
Окучить поле,Быт,160
Попрыскать помидоры,Быт,75
Удобрить почву,Быт,50
Покрасить забор,Быт,60
Натянуть сетку на ограждение,Быт,100
Подружиться с тещей,Отношения,20
Помочь тестю,"Отношения, Быт",120
Забронировать романтичный домик,"Отношения, Покупки",30
Сделать предложение,Отношения,45
Набрать ванну жене,Отношения,40
Изменить парню,Отношения,10
Выщипать брови,Красота,20
Выбрать краску для волос,"Красота, Покупки",20
Покраситься,Красота,180
Побриться налысо,Красота,30
Погладить одежду,"Красота, Быт",60
Почитать учебник по Django,Образование,120
Почитать албанскую книгу,Образование,100
Поучить сербский язык,Образование,120
Попрактиковать говорение на латыне,Образование,120
Выучить все кости по латински,Образование,240
Подготовить презентацию по стоматологии,Образование,50
Написать диплом за час,Образование,60
Отпроситься у начальника на выходной,Работа,60
Выбить себе отпуск,Работа,60
Устроиться на работу в офис,Работа,100
Провести собес на работе,Работа,120
Отработать смену сверхурочно,Работа,420
Разработать дрона,Работа,500
Покататься на лошадях,Хобби,120
Сходить на охоту,Хобби,180
Порыбачить,Хобби,180
Научиться жонглировать,Хобби,120
Выучить новые ноты,Хобби,100
Попрактиковать гитару,Хобби,100
Приготовить раствор из женьшеня,Здоровье,20
Выпить чай с лимоном,Здоровье,25
Поставить горчичники,Здоровье,30
Поставить печать на справке из поликлиники,Здоровье,120
Купить капли в глаза,Здоровье,20
Участие в турнире по CS,Спорт,500
Оправдать звание мастера спорта,Спорт,300
Турнир по боксу,Спорт,140
Соревнования по плаванию,Спорт,400
Баскет с друзьями,Спорт,120
Выступление по тяжелой атлетике,Спорт,180
Пауэрлифтинг с тренером,Спорт,250
Начать блог,Развлечения,30
Завести тгк,Развлечения,30
Начать снимать тт,Развлечения,50
Завести тикток аккаунт,Развлечения,30
Создать влог в инстаграмме,Развлечения,30
Выставить себя на пх,Развлечения,120
Заняться лепкой,Развлечения,100
Сходить в музей,Развлечения,180
Провести отпуск на Малибу,Путешествия,7200
Улететь на пляж,Путешествия,5760
Выехать в поездку,Путешествия,100
Купить подушку в дорогу,"Покупки, Путешествия",50
Привезти сувениры жене,"Покупки, Путешествия, Отношения",120
Купить сыну консоль при выезде из Казахстана,"Покупки, Путешествия",50
Рейс в Эстонию,"Работа, Путешествия",14400
Заказать одежду с вб,Покупки,60
Выбрать куртку на озон,Покупки,100
Присмотреть новую шапку на зиму,Покупки,50
Подарить норковую шубу любовнице,"Покупки, Отношения",180
Купить лабубу уже наконец,Покупки,20
Купить замену сломанным наушникам,Покупки,30
Напомнить соседу купить бумажные полотенца,Покупки,10
Найти крутую кружку с Майком Вазовски,Покупки,50
Приобрести плюшевых миньонов,Покупки,20
Оформить ИНН,Документы,120
Сменить адрес проживания на сайте Москвы,Документы,60
Разобраться с загранником,Документы,60
Подать заявление на загран. паспорт,Документы,60
Скинуть директору список сдаваемых предметов на егэ,Документы,10
Купить военник,"Покупки, Документы",1440
Приехать в военкомат,Документы,120
Получить приписной,Документы,120
Увидеться с коллегой за чашечкой латте,"Встречи, Работа",30
Встретить маму с вокзала,Встречи,30
Встретить папу с самолета,Встречи,30
Навестить родственников в Карелии,Встречи,7200
Увидеться с врачом,"Встречи, Здоровье",45
Встретиться с братом,Встречи,50
Усадить слив,Быт,200
Закопать слив,Быт,200
Покрасить крышу,Быт,250
Собрать сарай,Быт,300
Утеплить крышу,Быт,500
Сварить ферму для второго этажа,Быт,950
Починить мотособаку,Быт,100
Прийти на ночевку к Варе,Отношения,720
Заказать роллы на вечер с Викой,"Отношения, Покупки",50
Заказать доставку цветов Марине,"Отношения, Покупки",50
Пригласить девушку в общежитие,Отношения,60
Посмотреть вместе фильм,Отношения,120
Прогуляться с Катей по парку,Отношения,120
Сдекорировать комнату дочке,Красота,100
Выбрать обои в туалет,Красота,50
Придумать дизайн новых ногтей,Красота,30
Украсить комнату,Красота,100
Сделать тату,"Красота, Покупки",180
Проколоть нос,"Красота, Покупки",60
Выбрать сережки,"Красота, Покупки",30
Пройти курс по ногтям,"Образование, Хобби",2880
Пройти курс по ресницам,"Образование, Хобби",2880
Записаться на интенсив,Образование,50
Посмотреть щелчок к ЕГЭ,Образование,300
Подать заявление в онлайн-школу,"Образование, Документы",30
Выполнить дополнительное задание к онлайн школе,Образование,120
Задать вопрос преподавателю в телеграме,Образование,30
Отпилить ногти Марии,Работа,120
Педикюр Карина,Работа,140
Перебрать двигатель КИА рио,"Работа, Хобби, Быт",180
Смена,Работа,720
Подшить дома капюшоны за доп плату,Работа,400
Пришить лацканы,"Работа, Хобби",190
Научиться играть в домино,"Хобби, Развлечения",240
Поиграть в ножички,"Развлечения, Хобби",120
Йога,Хобби,60
Медитация на балконе,Хобби,50
Принять ванну,"Хобби, Развлечения",90
Прыгнуть с парашютом,"Хобби, Развлечения",180
Банджи-джампинг с моста,"Хобби, Развлечения",200
Сходить на выставку древнего искусства,"Развлечения, Хобби",250
Закалиться в проруби,"Здоровье, Развлечения",50
Сходить в баню,Здоровье,140
Сделать морс больной жене,"Здоровье, Отношения",10
Поставить укол коту,Здоровье,15
Капли Барсику,Здоровье,15
Вычесать Снежка,"Здоровье, Красота",15
Помыть Пушка средством от блох,Здоровье,15
Матч по бейсболу,"Спорт, Хобби",200
Игра в лакросс,"Спорт, Хобби",200
Соревнования по хоккею,Спорт,480
Треня,Спорт,120
Тренировка ног,Спорт,140
День роста мышц,"Спорт, Развлечения",1440
Бахнуть протеина,"Спорт, Здоровье",30
Поставить тренболон,"Здоровье, Спорт",10
Поставить грамм тестостерона,"Здоровье, Спорт",10
Поставить 2 грамма гормона роста,"Здоровье, Спорт",10
Покататься на бмв,"Развлечения, Хобби",120
Покататься на роликах,Развлечения,50
Сходить на каток,Развлечения,50
Погулять с Шариком,Развлечения,60
Послушать новый альбом кумира,Развлечения,100
Пересмотреть Волк с Уолл стрит,Развлечения,150
Показать девушке первую серию Лучше звоните Солу,"Развлечения, Отношения",60
Приготовить синабоны к фильму,"Развлечения, Хобби",120
Позвонить в кол-центр узнать про поездку,Путешествия,40
Позвонить в трансфер,Путешествия,30
Взять номер у гида,Путешествия,10
Нанять гида в питер,"Путешествия, Покупки",50
Собрать документы в поездку,"Путешествия, Документы",60
Сделать шенген-визу,"Путешествия, Документы",20160
Оформить гринкард,"Путешествия, Документы",43200
Заказать базу с озона,"Покупки, Работа",40
Заказать патчи,"Покупки, Красота",10
Купить микрофон,Покупки,50
Приобрести часы Rolex,"Покупки, Красота",180
Купить машину,Покупки,200
Купить микроавтобус,Покупки,200
Купить жигуль,Покупки,200
Вывести зарплату,Документы,10
Перекинуть деньги в оффшоры,Документы,45
Открыть беспроцентный накопительный счет на багамах,Документы,45
Открыть вклад в ВТБ,Документы,50
Открыть ИП,Документы,20
Заплатить налоги по ИП,Документы,10
Зарегистрировать перевод средств на ИП,Документы,10
Отмыть деньги,Документы,200
Сходить к корешу,"Встречи, Развлечения",180
Почилить у друга,"Встречи, Развлечения",200
Сходить на мероприятие с одногруппником,Встречи,300
Сходить в зал с другом,"Встречи, Спорт",120
Встретиться с режиссером,"Встречи, Работа",40
Обсудить текст со сценаристом,"Встречи, Работа",40
Обговорить стратегию с продюсером,"Встречи, Работа",40
Выстроить план рекламы с маркетологом,"Встречи, Работа",40
Договориться о роле гг с актером,"Встречи, Работа",40
Укрепить створки,Быт,300
Пропилить балки,Быт,100
Забить сваи,Быт,250
Прикопать септик,Быт,500
Поклеить обои,Быт,100
Заштукатурить стену,Быт,120
Отшкурить стену и пол,Быт,120
Замешать цемент,Быт,30
Написать трогательное письмо парню,Отношения,60
Выбросить все вещи бывшей,Отношения,10
Купить айфон девушке,"Отношения, Покупки",180
Купить киндер любимой,"Отношения, Покупки",10
Отпросить девушку на ночевку у тещи,Отношения,30
Забрать сестру девушки из садика,Отношения,45
Отвести братика парня в магазин,Отношения,45
Попробовать новую позу,"Отношения, Развлечения",45
Заказать взрослые игрушки,"Отношения, Развлечения, Покупки",20
Пропить ритиноиды,Красота,20
Заказать средство от акне,"Красота, Покупки",20
Нанести средство от черных точек,Красота,20
Купить глину для волос,"Красота, Покупки",20
Уложить волосы перед выходом,Красота,20
Нанести мусс на волосы,Красота,40
Сделать кудряшки,Красота,80
Бигуди,Красота,120
Выпрямить волосы,Красота,120
Выцветить волосы,Красота,120
Начать изучение ООП на питоне,"Образование, Хобби",150
Выучить стихи ветхого завета,"Образование, Хобби",200
Перечитать главы Корана про любовь к родным,"Образование, Хобби",200
Выучить второе четверостишье в Слово о полку Игореве,Образование,150
Перечитать Волк на псарне,Образование,150
Записаться на предбанник,Образование,40
Отсидеть день на предбаннике,Образование,300
Посетить кружок мастеров на все руки,"Образование, Быт, Развлечения",120
Собес в яндекс,Работа,60
Обеденный перерыв,"Работа, Развлечения",15
Убить время на работе,"Работа, Развлечения",60
Выйти во фриланс,Работа,180
Предложить свою кандидатуру,Работа,20
Отправить резюме,"Работа, Документы",25
Составить резюме,"Работа, Документы",60
Запечь жульен,"Хобби, Развлечения",180
Разделать курицу для шашлыка,"Хобби, Развлечения, Быт",30
Запрокинуть стопочку,Хобби,10
Дописать песню,Хобби,60
Дописать последнюю главу в романе,Хобби,60
Найти саундтрек к моему эпизоду,Хобби,30
Записать видос на ютуб,"Хобби, Развлечения",120
Выложить новости в телеграм канал,"Хобби, Работа",30
Раскодироваться,Здоровье,50
Вшить торпеду,Здоровье,50
Поставить прививку ,Здоровье,20
Привиться от коронавируса,Здоровье,20
Физиотерапия,Здоровье,180
Химиотерапия,Здоровье,180
ЭКГ,Здоровье,120
МРТ,Здоровье,60
КТ,Здоровье,50
Ультразвук,Здоровье,30
УЗИ,Здоровье,50
30метровка,Спорт,60
Поставить новый рекорд в 100 метровом забеге,Спорт,60
Челночный бег,Спорт,60
Разминка,Спорт,30
Заминка,Спорт,30
Кардио тренировка,Спорт,180
40 подтягиваний,Спорт,45
Алмазные отжимания,Спорт,45
Махи на дельты,Спорт,45
Записать новый тренд в тикток,Развлечения,60
Прослушать подкаст,"Развлечения, Образование",180
Поиграть в нового человека паука,Развлечения,200
Купить последнего год оф вор,"Развлечения, Покупки",25
Поставить оценку фильмам на кинопоиске,Развлечения,30
Сходить в клуб,Развлечения,180
Познакомиться с девушкой,"Развлечения, Отношения",30
Перезвонить парню из клуба,"Развлечения, Отношения",30
Забронировать места на паром,"Покупки, Путешествия",30
Купить билет в круиз,"Покупки, Путешествия",20
Собраться в пешее Путешествия,Путешествия,30
Ежегодный заезд на мотоциклах,"Путешествия, Хобби, Развлечения",14400
Купить дом на колесах,"Покупки, Путешествия",200
Отправиться с семьей по стране,Путешествия,14400
Обустроить дом на колесах,"Покупки, Путешествия",50
Отремонтировать дом на колесах,"Быт, Путешествия",60
Купить новый картхолдер,Покупки,20
Купить новый шейкер,Покупки,20
Выискать новый пенал на маркетплейсах,Покупки,20
Забрать куртку с пвз,Покупки,30
Зайти в Ашан за ручками,Покупки,40
В читай городе купить новые тетрадки,Покупки,20
Зайти за мороженным в перекресток,Покупки,30
Купить поддельный паспорт,"Покупки, Документы",120
Купить пластамассовый пистолет,Покупки,120
Обновить страховку,Документы,45
Заплалить за страховку,"Покупки, Документы",40
Оформить европротокол,Документы,60
Запотентовать изобретение,Документы,60
Выкупить патент на изображение,"Документы, Покупки",60
Подготовить списки на отчисление,"Документы, Работа",60
Выучить 1С,"Образование, Документы",300
Оформить кредитку,Документы,40
Закрыть все карты в сбербанке,Документы,45
Встретить Мистера биста,Встречи,20
Увидеться с ведущими до свадьбы,Встречи,45
Передать брату кольцо,Встречи,45
Найти соседа в общежитии,Встречи,25
Заговорить с соседкой,Встречи,15
Сходить к красавчику соседу за солью,"Встречи, Отношения",25
Проложить рубероид,Быт,120
Уложить гидроизоляцию под потолок,Быт,180
Провести электричество в дом,Быт,200
Проверить батареи на подтеки,Быт,120
Выключить котел в новом доме,Быт,30
Убрать банки в подпол,Быт,25
Сходить на чердак за коробками,Быт,20
Освободить полку под инструменты,Быт,20
Приобрести углекислоту для сварки,"Быт, Покупки",20
Заказать деталь на озон,"Быт, Покупки",20
Перебрать ходовуху,Быт,300
Сменить масло в ситроене,Быт,180
Заправиться,"Быт, Покупки",30
Мама др,Встречи,180
Тренировка бассейн,"Работа, Спорт",45
Тренировка Катя,"Работа, Спорт",60
Тренировка кск,"Работа, Спорт",90
Тренировка теннис,"Работа, Спорт",60
День рождения Саша,"Встречи, Отношения, Развлечения",120
Родители годовщина,Встречи,180
Элис клиника,"Работа, Здоровье",30
УЗИ Якушева,"Работа, Здоровье",15
Прием у терапевта,Здоровье,15
Прием у гинеколога,Здоровье,25
Сдать мазки,Здоровье,10
Сдать анализы,Здоровье,10
Анализы лаборатория,"Работа, Здоровье",20
Пикник,"Встречи, Развлечения",180
Уборка гараж,Быт,70
Погасить задолженность,Документы,10
Погасить кредитку,Документы,10
Оплатить ЖКХ,"Документы, Работа",7
Торт Алисе,"Работа, Хобби, Покупки",240
Аукцион,"Работа, Покупки",300
СОбрать мебель,"Быт, Работа",120
Разобраться в шкафу,Быт,30
Поменять плитку,"Быт, Работа",300
Отмыть ванную,"Быт, Работа",100
Рекламная интеграция,Работа,60
Джей рентген ноги,"Работа, Здоровье",20
Альма расчистка,"Работа, Здоровье",40
Вакцинация Алла,"Работа, Здоровье",15
Собрать посуду,"Быт, Работа",25
Упаковать книги,"Быт, Работа",25
Провести секвенирование,Работа,60
Получить пробирки,Работа,10
Забрать заказ,"Быт, Покупки",10
Обновить соглашение,"Документы, Работа",8
Заполнить таблицу,"Документы, Работа",15
Посчитать налоги,"Документы, Работа",27
Купить новый матрац,Покупки,60
Просмотр земли,"Работа, Встречи, Документы",120
Геодезист,"Работа, Документы, Встречи",120
Смена на Молодежной,Работа,1200
Заменить сантехнику,Быт,300
Магазины Соня,"Развлечения, Покупки",120
Стерилизация Эсме,"Здоровье, Работа",180
Баня на Комсомольской,Развлечения,180
Починить фонарь,"Быт, Работа",30
Очистить водосток,"Быт, Работа",10
Созвон по проекту,Работа,45
Тесты ТУИС,"Образование, Работа",45
Тестирование проекта,"Образование, Работа",120
Довязать свитер,"Хобби, Работа",60
Сходить в ресторан (Катя),Встречи,120
Санация кошка,"Здоровье, Работа",120
Собрать вещи в Египет,"Путешествия, Быт",70
Получить визу,"Путешествия, Документы",30
Отдать документы на визу,Документы,70
Самолет Анталия,Путешествия,560
Оформение загранника,Документы,40
Хайкинг,"Хобби, Работа, Спорт",600
Мелирование на ростовской,"Красота, Работа",45
Парикмахерская,"Красота, Работа",55
Кастрация Влад,"Здоровье, Работа",60
Ресницы у Сони (наращивание),"Красота, Работа",60
Конный поход,"Хобби, Спорт, Работа",1000
Сборы в поход,Быт,40
Кафе ,"Встречи, Развлечения",120
Забрать и настроить монитор,"Быт, Покупки",50
Купить стулья,Покупки,30
Тренировка йога,"Спорт, Работа, Хобби",45
Стречинг на магистральной,"Спорт, Работа, Хобби",60
Регистрация на гринкарту,Документы,30
Купить билеты в театр,Покупки,10
Репетиция постановки,"Работа, Хобби",140
Репетитор математика,Образование,60
Гончарная мастерская,"Хобби, Развлечения, Работа",130
Прием орнитолога,"Здоровье, Работа",60
Забрать огурцы,Быт,15
Перевезти кур,"Быт, Работа",60
Пофиксить баги,"Работа, Образование",100
Приобрести куртку,Покупки,30
Записать трек,"Хобби, Работа",180
Принять поставку,Работа,12
Встреча с клиентом,"Встречи, Работа",45
Созвон с клиентом,"Встречи, Работа",40
Повесить шторы в зал,Быт,15
Постирать вольтрапы,Быт,12
Линал,"Образование, Работа",180
Пробник по русскому ,Образование,225
Экзамен в автошколе,Образование,60
Занятие с инструктором,Образование,60
Забрать права,Документы,15
Приватизация квартиры,Документы,50
Прием у нотариуса,Встречи,50
Психолог,Здоровье,60
Прогнать автотесты,"Работа, Образование",20
Поменять резину на зимнюю,"Быт, Работа",40
Ужин Тихоновы,"Встречи, Развлечения",210
Прогулка с Коршуновыми,"Встречи, Развлечения",200
Завтрак с Олей,"Встречи, Развлечения",50
Командировка Караганда,"Работа, Путешествия",8640
Пробежка в парке,"Спорт, Хобби",55
Велогонка 30км,Спорт,300
Тренировка перед марафоном,Спорт,600
Марафон,Спорт,240
Погладить одежду,Быт,20
Подготовиться к совещанию,Работа,30
Отвезти велосипеды в гараж,Быт,40
Убраться в вольере,"Быт, Работа",30
Провести пару у 510 группы,Работа,90
Проверить самостоятельные работы,Работа,90
Пара по подготовке к ВКР,"Образование, Работа",90
Напомнить Ване о дедлайне,"Работа, Образование",5
Сделать растяжку,"Спорт, Хобби",15
Сделать зарядку,"Спорт, Хобби",7
Поездка в Волоколамск,"Путешествия, Развлечения",180
Прогулка в Некрополь,Развлечения,120
Зоопарк с детьми,Развлечения,300
Ответить в рабочих чатах,Работа,23
Приготовить ризотто,"Быт, Хобби",36
Посадить рассаду,"Работа, Быт, Хобби",60
Рассадить рассаду,"Работа, Быт, Хобби",60
Обработать цветы,"Работа, Быт, Хобби",15
Внести удобрения в почву для рассады,"Работа, Быт, Хобби",10
Покормить эублефаров,"Быт, Работа",5
Включить лампу для эублефаров,"Быт, Работа",15
Поменять мох у змеи,"Быт, Работа",10
Положить дорожку к дому,"Быт, Работа",120
Показать строителям фронт работ,"Быт, Работа",60
Встреча с прорабом,"Быт, Работа",45
Созвон с дизайнером,"Быт, Работа",50
Выбор обоев,"Быт, Работа",180
Составить график работы на июль,"Работа, Документы",50
Выговор за опоздание (Алехин),Работа,30
Засолка огурцов,Быт,180
Позвонить родителям,Быт,50
Выбрать подарок на годовщину,"Быт, Покупки",20
Подобрать ресторан к празднику,"Быт, Работа",15
Обговорить меню с организатором,"Быт, Работа",40
ЗАГС,"Быт, Работа, Отношения",15
Собрать гостей перед ЗАГСОМ,"Быт, Работа",20
Выбрать кольца,"Быт, Покупки",30
Поездка на чайные плантации,"Путешествия, Развлечения",600
Лекция о видах чая,"Развлечения, Образование",60
Чайная церемония,Развлечения,60
Токио-сити,"Путешествия, Развлечения",600
Шоппинг в магазине манги,"Покупки, Развлечения",100
Выбрать мангу Ване,Покупки,18
Купить сувениры,Покупки,40
Токио зоопарк,"Путешествия, Развлечения",600
Бизнес-встреча,"Встречи, Работа",45
Написать рецензию на книгу,"Образование, Работа",90
Отправить рукопись в издательство,Работа,20
Внести правки от издательства,Работа,50
Написать введение для книги,Работа,90
Выбрать обложку книги,Работа,50
Определиться со стилем текста,Работа,40
Дописать курсовую,Образование,90
Внести в курсовую список литературы,Образование,10
Сдача курсовой,"Образование, Работа",15
Отнести документы на отчисление,Документы,10
Забрать диплом,Документы,7
Выдача дипломов,Документы,30
Репетиция концерта в вузе,"Развлечения, Работа",90
Репетиция танца к свадьбе,Развлечения,60
Антикафе с сурикатами,Развлечения,120
Выбрать модель для проекта,"Работа, Образование",40
Представить работу заказчикам,Работа,60
Тренировка ЗКС Акнара,"Хобби, Работа, Спорт",60
Сдача нормативов на ЗКС,"Хобби, Работа, Спорт",15
Оформить щенков в клубе,"Хобби, Работа, Документы",20
Провести первую вакцинацию (помет Эды),"Хобби, Работа",30
Фотосессия щенков (30 дней),"Хобби, Работа",90
Подготовить коня к фотосессии,Работа,60
Выбрать место для фотосессии,"Работа, Развлечения",30
Отдать щенка зеленая лента хозяевам,"Работа, Встречи",15
Отправить розовую ленту в Краснодар,"Работа, Хобби",50
Осмотр щенков ветеринаром,"Работа, Хобби",60
Помет Эды актирвка,"Работа, Хобби",90
Маникюр,Красота,60
Помыть окна,"Быт, Работа",60
Дезинсекция подвала,"Быт, Работа",55
Сделать массаж,"Быт, Работа",50
Теория по массажу,"Образование, Работа",90
Практика массаж ШВЗ,"Образование, Работа",90
Пара по физиологии,"Образование, Работа",90
Коллоквиум биохимия,"Образование, Работа",90
Экзамен патоморфология,"Образование, Работа",60
Отработка на кафедре,"Образование, Работа",35
Закрыть долг по эпизоотологии,Образование,30
Зачет ветсан,"Образование, Работа",45
Проколоть уши,Красота,12
Пирсинг,Красота,16
Выбрать серьги,Развлечения,20
Обработка швов Роксана,Здоровье,5
Прием после мастектомии (Вайнона),Здоровье,15
Сдать вещи в переработку,Быт,20
Отдать одежду в шеринг,Быт,15
Отвезти мусор в сортировочный центр,Быт,30
Помыть мусор для сдачи в переработку,Быт,14
Рассортировать мусор,Быт,10
Кофе с Ильей,"Встречи, Развлечения, Отношения",15
Разобраться со счетами,"Документы, Быт, Работа",20
Перевести деньги на вклад в втб,Быт,15
Провести презентацию работы,"Работа, Образование",45
Сделать презентацию для пары,"Работа, Образование",60
Зашить носки,Быт,6
Поставить повербанк на зарядку,Быт,2
Конспект по 3 главе,Образование,30
Эссе для пары по философии,Образование,90
Сделать маску для лица,Быт,15
Побриться,Красота,10
Заказать вкусняхи Эйлеру,Покупки,8
Выгулять Ленору,Быт,40
Обработать собак от клещей,Быт,14
Полить цветы,Быт,10
Пройти онлайн - курс по ОКД,Образование,300
Завершить курс по алгоритмам,Образование,180
Домашнее задание по сортировке слиянием,"Образование, Работа",70
Повторить слова для пары,Образование,20
Почистить уши Акна,"Быт, Здоровье",20
Подсричь когти кошкам,Быт,30
Подтянуть скобы на брекетах,Здоровье,40
Установка брекетов,Здоровье,120
Написать черновик отчета,"Образование, Работа",180
Убрать квариту после арендаторов,Быт,120
Заключить договор аренды,"Документы, Работа",20
Сдать квартиру арендодателям,"Встречи, Документы, Работа",30
Отредактировать тест для 200 группы,Работа,10
Чек тестирования 320 группы,Работа,20
Составить бюджет на месяц,"Быт, Работа",20
Выделить ненужные траты в июле,"Быт, Работа",14
Обсудить ненужные траты,"Быт, Встречи, Работа",15
Оптимизировать бюджет,"Быт, Работа",30
Проверить проценты по счету,"Быт, Работа",5
Отменить подписку на кинопоиск,Быт,2
Забрать отца с корпоратива,Быт,20
Отвезти маму на тренировку,Быт,20
Мама шоппинг,"Быт, Покупки, Развлечения",120
Готовка праздничного обеда,"Быт, Работа",120
Затариться продуктами,"Быт, Покупки",60
Обосновать и записать тезис,"Образование, Работа",30
Забронировать билеты на турнир,Покупки,7
Дочитать гарри поттера,"Развлечения, Хобби",60
Посетить встречу книжного клуба,"Развлечения, Хобби",120
Собрать чемодан,Быт,30
Развезти животных перед отъездом,Быт,120
Записать детей в сад,"Документы, Быт ",20
Дети плавание записать,"Документы, Быт",20
Вернуть книги в библиотеку,Быт,20
Оплатить пени за просрочку,Быт,10
Отсканировать паспорта,Документы,10
Распечатать паспорта,Документы,6
Напечатать грамоты детям,"Быт, Работа",6
Скан родословных,Документы,10
Разослать сканы паспортов работодателям,Документы,5
Отослать документы по машине,Документы,5
Редактировать резюме,Документы,10
Добавить в резюме последний опыт работы,Документы,10
Обновить условия по вакансии,Работа,8
Сделать вишлист на новый год,Быт,20
Запросить у друзей вишлисты на нг,Быт,2
Написать список целей на год,"Быт, Хобби",15
Заказать подарки своему отделу,"Покупки, Работа",30
Организовать корпоратив,Работа,60
Купить ёлку,Покупки,40
Украсить ёлку,Быт,20
Рождественский обед с семьей,Встречи,120
Подготовка к новому году,Быт,70
Собрать сборный подарок,Быт,20
Подписать открытки,Быт,20
Семейная встреча,Встречи,120
Питергоф,"Путешествия, Развлечения",600
Метеор (купить билеты),Покупки,7
Ночь Звёздных войн,"Развлечения, Хобби",600
Подкаст Дудя,"Развлечения, Хобби",90
Документалка о вреде алкоголя с 5Б,Работа,60
Тренировка на ноги,Спорт,70
Спортзал ,Спорт,70
Индивидуалка с Оксаной,"Спорт, Работа",90
Групповое занятие (конкур),"Спорт, Работа",120
Медитация,Хобби,10
Утренняя гимнастика,"Спорт, Хобби",15
Дыхательные упражнения,Хобби,10
Практика оказания первой помощи,"Образование, Работа",120
Нарисовать эскиз,"Образование, Хобби",80
Картина по номерам,Хобби,20
Раскрасить эскиз,"Образование, Хобби",60
Пленер на петроградке,"Образование, Хобби",120
Написать натюрморт,"Образование, Хобби",90
Сделать чертеж детали,"Работа, Образование",60
Подписать элементы схемы,"Работа, Образование",15
Обновить кисти,"Покупки, Быт",20
Подготовить холст к работе,"Образование, Хобби, Работа",60
Подготовить басню для вступительных,Образование,90
Репетиция прозы,Образование,90
Выучить таблицу сложностей,Образование,50
Не забыть про ненужную встречу,Встречи,5
Написать Велигуре вопрос по лекции,Образование,10
Ответить преподавателю (Велигура),Образование,10
Снять деньги (100к),Быт,2
Зарезервировать телефон в салоне,Покупки,5
Забронировать беседку на майские,Покупки,5
Выкупить телефон,Покупки,10
Настроить телефон,Быт,40
Настроить резервное копирование,Быт,20
Обновить пароли,"Быт, Работа",20
Проверить корректность паролей,"Быт, Работа",10
Настроить двухфакторную аутентификацию,"Быт, Работа",10
Проверить почту,"Быт, Работа",40
Очистить спам на почте,"Быт, Работа",30
Отправить посылку,Быт,35
Систематизировать папки на ноуте,Быт,20
Скинуть фото в облако,Быт,20
Фотки в общую папку,Быт,10
Удалить ненужные файлы,"Быт, Работа",10
Сделать фото на документы,Документы,15
Сфоткаться для паспорта,Документы,15
Обновить данные в банке,Документы,30
Подать заявление (госуслуги),Документы,15
Запросить документы по задолженностям,Документы,7
Сделать техосмотр,Быт,60
Отогнать машину на стоянку,Быт,40
Перевезти вещи,Быт,120
Пожаловаться на освещение (портал),Быт,20
Помыть машину,Быт,40
Забрать птс на зиккер,Документы,20
Проверить масло и антифриз,Быт,7
Согласовать маршрут,"Работа, Путешествия",15
Алина др,Встречи,60
Годовщина свадьбы,Встречи,120
5 лет знакомства,Встречи,60
Работа,Работа,720
Зайти на озон,Быт,10
Не работать,Работа,620
Отключение воды,Быт,2
Стирка зимней одежды,Быт,60
Убрать зимнюю обувь,Быт,30
Обработать обувь,Быт,15
День ведьмака,Развлечения,600
Написать по поводу работы,Работа,2
Стоматолог,Здоровье,120
Заказать справку в вузе,Документы,10
Провести оплату,"Быт, Работа",10
Концерт,"Развлечения, Работа",180
Лекция по мормлекам,"Образование, Работа",60
Заплатить налоги,"Быт, Работа",20
Зайти в школу 21,Образование,30
Написать дз,"Образование, Работа",20
КТ зубов на ленина,Здоровье,15
Начало приема КОК,Здоровье,2
Дедлайн про проекту,"Работа, Образование",2
Опрос по внб,"Образование, Работа",30
Пора валить (ПЗ),Путешествия ,120
Напомнить о ддл,Работа,2
Собеседование в тинькофф,Работа,60
Техсобес в касперский,Работа,45
Собес с командой и hr ,Работа,40
Тестовое (в сбер),Работа,1200
Пирог с голубикой,"Быт, Хобби",60
Испечь шарлоттку,"Быт, Хобби",30
Приготовить профитроли,"Быт, Хобби",180
Сделать заготовки на неделю,Быт,40
Разделать и заморозить курицу,Быт,15
Обработать швы от плесени,"Быт, Работа",40
Отдать ковры в химчистку,"Быт, Работа",30
Возврат пылесоса,Быт,10
Гендер-пати Полина,"Развлечения, Встречи",30
Эйва срок родов,Здоровье,2
Заменить картридж в фильтре,"Быт, Работа",15
Поменять фрион в кондиционере,"Быт, Работа",20
Покрасить стены,"Быт, Работа, Хобби",300
Сделать выкройку,"Быт, Работа, Хобби",120
Провести ревью,Работа,30
Оформить социалку,"Документы, Быт",40
Получить стипендию,Быт,10
Прикрепиться к поликлинике,"Здоровье, Документы",12
Сделать профиль в LinkedIn,"Работа, Образование",14
Цифровой детокс,"Хобби, Развлечения, Быт",300
Дописать гору на картиине,"Хобби, Развлечения, Работа",120
Подровнять кусты,"Быт, Работа",60
Включить отопление,"Быт, Работа",2
Очистить печь,"Быт, Работа",65
Затопить баню,"Быт, Работа",23
Закупиться для похода,Быт,75
Операция по уменьшению груди,Здоровье,600
Собрать коробки для подарков гостям,"Быт, Работа",20
Разморозить холодильник,"Быт, Работа",120
Собрать клетку для Порко,Быт,12
Померить окно для антикошки,Быт,17
Выезд на охоту,"Хобби, Развлечения",600
Полевые испытание,"Хобби, Развлечения, Работа",240
Смотр гончих,"Хобби, Развлечения, Работа",240
Кормление альпак,"Хобби, Развлечения, Работа",20
Стрижка лам,"Работа, Быт",120
Груминг Олли,"Быт, Работа",180
Грузчики холодильник,Быт,20
Тренинг енотов,"Быт, Работа",15
Спустить бассейн,"Быт, Работа",10
Выкопать чеснок,Быт,20
Отнести лук на чердак,Быт,12
Документация по библиотеке,"Документы, Работа",300
Unit-тесты для класса,Работа,120
Обновить зависимости проекта,Работа,20
Подшить шторы,"Быт, Работа",15
Повесить карнизы,"Быт, Работа",20
Стекление балкона,"Быт, Работа",300
Дописать документацию к проекту,"Документы, Работа",120
Написать readme на гитхабе,"Документы, Работа",80
Переписать legacy,Работа,600
Отвезти кондиционер в ремонт,"Быт, Работа",30
Забрать кондиционер из ремонта,"Быт, Работа",30
Просмотр квартиры,"Быт, Работа",40
Приемка квартиры,"Быт, Работа",60
Девочки бар,"Развлечения, Встречи",180
Отдать подарки (Тимьяновы),Быт,20
Поднять стол для Сони,Быт,3
Вернуть термос (Олега),Быт,3
Приклеить плинтусы,"Быт, Работа",20
Отскаблить следы клея в зале,"Быт, Работа",30
Пересадить рассаду,"Быт, Работа",40
Пасынковать яблоню,"Быт, Работа",10
Поставить в сушилку белые грибы,Быт,18
Дать Рейнис глистогонку,Здоровье,3
Запушить изменения в develop,Работа,2
Обновить .gitignore,Работа,12
Рефакторинг giga.cpp файла,Работа,18
Проверить покрытие,Работа,4
Увеличить покрытие тестами,Работа,20
Одобрить изменения Энни,Работа,10
Сравнить код Элис и Леноры,Работа,40
Клуб с шабашкой,"Развлечения, Встречи",120
5 уроков на степике,"Образование, Работа",80
Закрыть бассейн,"Быт, Работа",25
Уволить Андрея,Работа,35
Внести правки в файл,Работа,30
Засыпать землей яму,"Быт, Работа",20
Огородить куриный загон,"Быт, Работа",60
Перебрать двигатель,"Быт, Работа",70
Выбросить двигатель,"Быт, Работа",2
Позвонить абитуриенту 43234,Работа,15
Разогреть варенье,Быт,5
Перезалить код,Работа,10
Автоматизировать написание тестов,Работа,30
Ампутация лапы Элли,Здоровье,540
Купить алкоголь для защиты,Покупки,30
Аллергопроба Никита,Здоровье,10
Альбомы детям (купить),Покупки,15
Античность лекция в 404,"Образование, Работа",90
Айка рентген артрита,Здоровье,50
Логопед ,Образование,60
Аттестация на медсестру,Образование,120
Подготовить ацетаты,Работа,90
Азербайджан делегация (сопроводить в гостиницу),"Работа, Встречи",180
Аспирантуры защита работ,"Образование, Работа",180
Аэродинамика практика,"Образование, Работа",90
Адаптировать презентацию для ветсанов,Работа,30
Аккредитация на конференции,Работа,14
Перевести курсовую на английский,Образование,90
Выучить 20 новых слов на китайком,Образование,70
Анкетирование инженеров,Работа,10
Аппеляция в суде,Работа,90
Апробировать докуметацию для релиза,Работа,30
Арендовать машину,"Быт, Покупки",10
Заасфальтировать подъезд к участку,"Быт, Работа",120
Сбалансировать рецепт бешамеля,"Хобби, Работа, Быт",50
Барабаны (урок),"Образование, Хобби",60
Бег (тренировка с Лизой),"Спорт, Хобби",60
Побелить печку,"Работа, Быт",70
Второй скрининг,Здоровье,20
Перебинтовать рану Беспаловой,Здоровье,10
Обновить дренаж,Здоровье,20
Церковь (служба),"Хобби, Развлечения",35
Заблокировать проезд для большегрузов,"Быт, Работа",60
Бокс с Антоном,Спорт,65
Сообщить о браке партии,Работа,12
Побрить овец,Работа,120
Сбрить колтуны у колли,"Работа, Быт",45
Бурение скважины,"Работа, Быт",120
Музей Дарвина,Развлечения,180
Форматировать документацию под гост,"Работа, Образование",60
Заварить чай от Вани,Быт,2
"Раньше лечь спать, а то завтра соревнования",Быт,2
Стерилизовать банки,Быт,12
Сжечь листья,Быт,20
Перетереть малину для джема,Быт,20
Лепим пельмени,"Быт, Хобби",60
Варим том ям,"Быт, Хобби",70
Нарвать клевер для кроликов,Быт,15
Покосить траву за домом,Быт,15
Снять влог,"Работа, Развлечения, Хобби",120
Проверить лекарства по срокам годности,Быт,10
Дать фидбек Ийсмуловой И.Ф.,Работа,20
Набрать воду (отключат до 22 часов),Быт,10
Передать корм волонтерам,Быт,10
Распродать олины саженцы,Быт,2
Выставить на авито санки,Быт,8
Развесить гирлянды,Быт,20
Обновление гардероба,"Быт, Покупки",70
Примерить новое седло,Быт,10
Сделать промеры дверного проема,Быт,7
Перебрать картошку,Быт,30
Приезд родителей,Встречи,20
Посмотреть пчк,Развлечения,90
Свидание с Леной,Отношения,120
Знакомство с родителями,Встречи,80
Сочи парк,Развлечения,300
Океанариум,Развлечения,300
Погулять по парку,"Развлечения, Хобби",120
Подобрать очки,Здоровье,40
Сделать кормушку для птиц,"Быт, Хобби",50
Ввести творог в рацион щенков,Быт,10
Забрать ведомость,"Документы, Работа",10
Венчание,Отношения,40
Взвешивание щенков,Быт,15
Перекрыть воду,Быт,2
Вклеить анализы в мед карту,"Документы, Здоровье",5
Заложить второй вход,Быт,120
Перевернуть яйца во втором инкубаторе,"Быт, Работа",10
Проверить яйца в овоскопе,"Быт, Работа",15
Вокал,"Работа, Хобби",60
Сплав по реке,Хобби,120
Отдых,Быт,40
Перевернуть матрац,Быт,5
Выварить скелет,"Работа, Хобби",100
Выделить частые ошибки в тесте,"Работа, Образование",10
Выкроить шаблон,"Работа, Образование, Хобби",30
Вылет из Шереметьево,Путешествия ,100
Москва - Пекин (самолет),Путешествия ,1140
Саратов - Воронеж (автобус),Путешествия ,660
Вынести кроликов (до обеда),"Работа, Быт",15
Выпрямить вмятину на правом крыле,Быт,30
Распутать гирлянды,Быт,20
Проверить ровность стен,"Работа, Быт",10
Посеять редис,Быт,10
Перетянуть лук,Хобби,20
Вычесать собак,Быт,100
Написать рекомендацию Оле,Работа,30
Прикрутить полку,"Быт, Работа",20
Насверлить отверстий для картин,"Быт, Работа",12
Лепка из глины,"Хобби, Работа ",120
Пазлы с Никитой,Хобби,180
Вышивка,Хобби,60
Вязание,Хобби,45
Lego по star wars,Хобби,100
Сериал (доктор хаус),Хобби,120
PS it takes two,"Хобби, Развлечения",180
Кино с Аленой,"Развлечения, Встречи",120
Велопрогулка,"Хобби, Развлечения",240
Экотропа Лосиный остров,"Хобби, Развлечения",200
Звездопад (не забыть телескоп),"Хобби, Развлечения",100
Хачапури с Сашей,Встречи,70
Написать письмо деду морозу с Ниной,Быт,20
Вечер dnd ,"Хобби, Развлечения",300
Вечер настолок,"Хобби, Развлечения",300
stund up Чебатков,Развлечения,120
Концерт по атаке титанов,Развлечения,120
ТЮЗ горе от ума,Развлечения,95
Скалодром на Складочной 5,Развлечения,45
Зумба,"Развлечения, Спорт",80
Аквапарк,Развлечения,300
Квест комната с Вронскими,Развлечения,120
Москвариум,Развлечения,240
Составить плейлист в дорогу,Быт,40
Ночь в зоопарке,Развлечения,120
Проверить дз у Саши,"Работа, Быт",45
Подготовить овощи для мимозы,Быт,60
Купить подарки учителям,Покупки,80
Корпоратив,"Развлечения, Встречи",180
Шашлыки на пляже,"Развлечения, Встречи",240
Подготовиться к релизу,Работа,100
Наращивание ресниц,Красота,60
Наращивание волос,Красота,100
Кератиновое выпрямление,Красота,120
Химическая завивка,Красота,60
Педикюр,Красота,40
Лазерная депиляция,Красота,60
Красимся в рыжий,Красота,45
Сделать туннели,Красота,30
Пирсинг языка,Красота,30
Поделка из природного материала,Хобби,60
Поездка на Медовые водопады,Путешествия ,240
Госпитализация,Здоровье,5760
Диспансеризация,Здоровье,240
Медосмотр для 086у,Здоровье,60
Удаление вросшего ногтя,Здоровье,240
Встретить Гудка,"Встречи, Работа",20
Обработать корни орхидеи,"Быт, Хобби",15
Отпарить рубашку,Быт,5
Раздать сувениры,"Быт, Встречи",15
Измерение сахара,Здоровье,3
Принять атаракс,Здоровье,2
"Таблетки (димиа, магний)",Здоровье,2
Переоформить заказ,"Быт, Работа, Покупки",10
Инвентеризация,Работа,600
Оформить сцену,Работа,120
Получить декорации,Работа,25
МРТ,Здоровье,15
Донорство,Здоровье,30
Сделать карэ,Красота,50
Провести квиз по пчк,"Развлечения, Работа",120
Поточить ножи,Быт,10
Смазать двери,Быт,7
Нарубить дрова,"Быт, Работа",50
Отобрать посуду для дачи,Быт,23
Собрать сливу на варенье,Быт,45
Забрать детей из школы,Быт,40
Обновить ПО,"Быт, Работа",20
Установить VPN,"Быт, Работа",25
Перетянуть когтеточку,Быт,35
Установить когтеточку,Быт,40
Повесить кошачий гамак,Быт,10
Вольтижировка,"Спорт, Хобби",60
Отдать старые игрушки,Быт,20
Оцифровтаь старые фотографии,Быт,60
Обновить аптечку,Здоровье,20
Оплатить интернет,"Быт, Работа, Покупки",5
Заверить завещание,Быт,30
Вставить розетку,Быт,10
Разобрать медали и отдать ненужные,Быт,15
Поменять батарейки в детекторах дыма,"Быт, Работа",30
Купить стеклянные контейнеры,Покупки,10
Посадить микрозелень,"Быт, Хобби",15
Срубить тополь,"Быт, Работа",80
Привинтить кронштейн,"Быт, Работа",20
Врезать кошачью дверцу во входную дверь,"Быт, Работа",25
Вернуть вентилятор на веранду,Быт,7
Верстка статьи,Работа,60
Залить чистящее средство в кофеварку,"Быт, Работа",4
Взбить сливки,"Быт, Работа",5
Внести последний платеж по ипотеке,"Быт, Покупки",7
Перегнать коней на второе поле,"Быт, Работа",25
Выпустить стрижа,Быт,5
Восстановить пароль,Быт,7
Антибиотики (начало),Здоровье,2
Заселение в гостиницу,"Путешествия, Работа",10
Выселение из гостиницы,"Путешествия, Работа",5
Регистрация на рейс (онлайн),Путешествия,2
Заезд в санаторий,"Путешествия, Здоровье",10
Выезд из санатория,"Путешествия, Здоровье",10
Проветривание в курятнике,Быт,30
Генеральная уборка,"Быт, Работа",120
Помыть морозилку,"Быт, Работа",30
Взвеситься,"Быт, Здоровье",3
Выдать накладные приемщикам,Работа,3
Выдать зп и премиальные,Работа,15
Вывесить флаг pride month,Быт,3
Выжигание по дереву,Хобби,40
Приварить петли к воротам,"Быт, Работа",20
Выкорчевать пень от яблони,"Быт, Работа",30
Вылущить орехи,Быт,45
Рыбалка с Павловым,Хобби,180
Перекрасить печку,"Быт, Работа",60
Выгравировать телефон на адреснике,"Быт, Работа",20
Перелить вино в бутылки,"Быт, Работа",25
Вскопать грядки,Быт,120
Утеплить виноград,Быт,40
Замотать яблони от вредителей,"Быт, Работа",60
Вкопать опоры для беседки,"Быт, Работа",70
Вытащить зимние куртки,Быт,10
Проредить гриву Энни,Быт,15
Удаление папилломы у Райли,Здоровье,40
Шпаклевать стену в гостиной,"Быт, Работа",100
Замариновать мясо,Быт,20
Зацементировать фундамент,"Быт, Работа",180
Процедить вино от осадка,"Быт, Работа, Хобби",10
Фторирование зубов,Здоровье,30
Отбеливание зубов,Здоровье,35
Нафаршировать перцы,Быт,20
Дорадо,Быт,60
Паста помодоро,Быт,45
Фо бо,Быт,100
Греческий салат,Быт,30
Оладьи,Быт,25
Кабачковая икра,Быт,50
Борщ,Быт,60
Компот,Быт,40
Рататуй,Быт,55
Финишировать проект,"Работа, Образование",2
Формализовать заявление,"Документы, Работа",15
Сформировать заказ,"Работа, Быт",30
Фехтование (тренировка),Спорт,90
Убавить термостат,Быт,2
Уварить смесь,Быт,30
Включить увлажнитель,Быт,2
Украсить офис к рождеству,Развлечения,20
Уколоть Каспера (физик + антиб),Здоровье,10
Укрыть виноград,"Быт, Работа",30
Улучшить рецепт рататуя,Быт,40
Уменьшить температуру в инкубаторе,"Быт, Работа",2
Увести щенков во внутренний вольер,Быт,10
Упаковать столовые приборы,"Быт, Работа",25
Убрать тыквы на балкон,Быт,15
Увеличить высоту барьеров на 5 см,"Работа, Спорт",6
Распределить зп по вкладам,Быт,20
Зафиксировать утечки и уязвимости кода,"Работа, Образование",20
Ушить джинсы,Быт,10
Утилизировать органические отходы,Быт,30
Замена окон на террасе,"Быт, Работа",120
Изменить режим тренировок,"Спорт, Работа",2
Трансплантология (лекция),"Образование, Работа",90
Потрать бонусы,Быт,10
Обналичить сертификат,Быт,20
Проверить качество работы,Работа,30
Апрувнуть кандидата 34,Работа,5
Вынести на совещании вопрос о премиях,Работа,10
Поднять тему дискриминации,Работа,15
Получить дебетовую карту,Быт,10
Заблокировать карту,Быт,5
Засахарить мандарины,Быт,50
Обделать стену звукоизоляционными панелями,"Быт, Работа",100
Слить ветки dev1 и dev2,"Работа, Образование",2
Устранивть конфликты веток,"Работа, Образование",30
Списаться с заводчиками Фродо,Быт,5
Снять яблоки со второй яблони,Быт,35
Сформировать тз для сайта зоопарка,Работа,60
Закрасить скол на стуле,"Быт, Работа",5
Татуировка,Красота,90
Редактирование татуировки,Красота,60
Сюрприз бабушке,"Встречи, Быт",120
Проверить пломбы на онгетушителях,"Быт, Работа",10
Простерилизовать инструменты,Работа,40
Проверить воду в автоклаве,Работа,2
Завакуумировать инструменты,Работа,60
Протереть пыть в операционной,Работа,20
Включить УФ-лампу (30 минут),"Работа, Быт",30
Оформить самозанятость,Документы ,10
Увольнение,Работа,30
Проверить расходники,Работа,40
Удаление зуба,Здоровье,60
Снятие швов,Здоровье,5
Снять защитный воротник,Здоровье,2
Начать оповаживать Рони,"Быт, Работа",25
Согласовать сервировку,"Работа, Быт",15
Заменить сахар на подсластитель,Быт,2
Пересадить смородину,"Быт, Работа",25
Съемки в останкино,"Работа, Развлечения",600
Грим,Красота,40
Визажист,Красота,60
Стилист,Красота,80
Развезти детей,Быт,45
Коваль для Джея,Быт,60
Отбить денник,Быт,20
Поменять трензель,Быт,10
Годовщина знакомства,Отношения,120
Концерт Noize Будапешт,"Развлечения, Путешествия",180
Поздравить Проценко с годовщиной,"Встречи, Развлечения",120
Позвонить дедушке,"Встречи, Быт",20
Прием психотерапевта,Здоровье,60
Забрать рецепт на таблетки,Здоровье,15
Дача,Быт,720
Налоговая,"Документы, Быт",40
Замена лобового,Быт,45
Пересматриваем skam,Развлечения,240
Занять онлайн очередь на визу,"Документы, Работа, Быт",10
Подготовка к алгоритмическому собесу,"Работа, Образование",180
День благодарения,"Встречи, Развлечения",240
Купить шлем и краги,Покупки,50
Купить сверчков эублефарам,Покупки,10
Обновить страховку,"Документы, Быт",15
Созвон по повышению,Работа,45
Экватор,"Встречи, Развлечения",180
Чек ап кошек,Здоровье,120
Обновить и оплатить антивирус,"Покупки, Быт",20
Обработать фотографии,"Работа, Быт, Хобби",100
Последний день подачи документов,Документы,2
Встреча выпускников,"Встречи, Развлечения",120
Субботник,"Быт, Работа",120
Консультация с финансистом,"Документы, Встречи, Быт",60
Ботанический сад,Развлечения,120
Лувр,Развлечения,140
Отдать ноутбук на чистку,Быт,20
Замена термопасты,Быт,60
Собрание жильцов,Встречи,40
Акция на семена (закупиться),Покупки,30
Отполировать зеркала,Быт,35
Заехать в автомойку,Быт,40
Перебрать собачью амуницию,Быт,20
Оспорить счета за горячую воду,"Документы, Быт",50
Серфинг,Спорт,120
Переприкрепиться к поликлинике,"Документы, Быт",15
Сон час,Быт,60
Сдать кровь на ферритин,Здоровье,30
Планетарий,Развлечения,90
Встреча с ректором,Встречи,30
Выбрать место отпуска,"Быт, Путешествия",50
Добавить pet-проекты на гитхаб,"Работа, Образование",30
Обновить срок аренды роутера,"Документы, Быт",15
Стрельба из лука,Спорт,60
Хакатон на плюсах,"Образование, Хобби",720
Проерка вич-статуса,Здоровье,20
Волонтерство на интенсиве,Развлечения,480
Проерка групповых проектов,Работа,300
Отчет по волонтерству,Документы,40
Созвон с руководителем стартапа,"Встречи, Работа",45
Новоселье,"Развлечения, Встречи",120
Нетворкинг в коворкинге сбера,"Развлечения, Встречи",180
Английский для IELTS,Образование,60
Тестовый собес,Работа,55
Представить проект тимлиду,Работа,100
Провести совещание,"Встречи, Работа",157
Купить подарок,"Отношения, Покупки",181
Сходить на массаж,"Здоровье, Красота",67
Заняться рисованием,Хобби,67
Сходить на встречу с друзьями,"Встречи, Отношения",228
Сходить к врачу,Здоровье,94
Посетить театр,Развлечения,120
Починить кран,Быт,93
Посетить лекцию по истории,Быт,60
Почитать книгу,Хобби,116
Сходить в спортзал,Спорт,117
Сходить в кафе,Развлечения,67
Посетить выставку,Развлечения,129
Сделать покупки в супермаркете,"Быт, Покупки",167
Сходить в музей,Быт,67
Заняться йогой,Спорт,80
Постирать одежду,Быт,68
Сходить на свидание,"Встречи, Отношения",243
Погулять по парку,Быт,109
Поиграть на гитаре,"Развлечения, Хобби",134
Сходить на тренировку,Спорт,104
Поработать над проектом,Работа,166
Посмотреть фильм в кинотеатре,"Здоровье, Развлечения",152
Посмотреть сериал,"Здоровье, Развлечения",245
Сделать маникюр,"Быт, Красота",124
Покрасить волосы,Красота,75
Заполнить налоговую декларацию,Документы,74
Посмотреть новости,Здоровье,120
Посетить курс английского,Образование,90
Принять ванну,Быт,104
Проверить почту,Быт,71
Сходить на деловую встречу,"Встречи, Работа",162
Проверить документы,Документы,83
Позвонить родителям,Отношения,66
Погладить одежду,Быт,79
Записаться в спортзал,Спорт,106
Послушать подкаст,Быт,104
Сделать отчёт по проекту,"Быт, Работа",223
Приготовить ужин,"Быт, Отношения",84
Провести семейный ужин,Отношения,74
Поехать на дачу,Путешествия,529
Записаться к стоматологу,Здоровье,71
Приготовить завтрак,Быт,79
Поехать в путешествие,Путешествия,295
Навести порядок в квартире,Быт,120
Погулять с собакой,Быт,56
Сделать зарядку,"Быт, Спорт",220
Поиграть в настольные игры,"Развлечения, Хобби",195
Посетить конференцию,Быт,89
Написать резюме,Работа,113
Купить продукты,Покупки,74
Погулять,"Развлечения, Хобби",30
Сходить в магазин,Покупки,30
Купить попугая,Покупки,15
Продать попугая,Покупки,20
Осмотр квартиры,"Покупки, Встречи",60
Покрасить машину,Быт,50
Съездить в автосалон,Быт,80
Помыть машину,Быт,20
Проверить уроки у сына,"Отношения, Быт",25
Посмотреть телевизор,"Развлечения, Хобби",60
Поменять постельное бельё,Быт,7
Погладить,Быт,20
Постирать,Быт,9
Генеральная уборка,Быт,120
Вытереть пыть,Быт,10
Помыть посуду,Быт,10
Поездка в город,Развлечения,180
Поход в тц,Развлечения,140
Записать на курсы,Образование,27
Просмотреть пробный урок,Образование,30
Позвонить в жкх,Быт,15
Оплатить квитанцию,Быт,5
Выпить с друзьями,"Отношения, Встречи",130
Сходить в парк,"Развлечения, Спорт",100
Ночная прогулка,"Развлечения, Спорт",95
Посмотреть на звёзды,"Развлечения, Хобби",38
День рождение сына,"Встречи, Развлечения",250
Поченить крышу на даче,Быт,200
Затопить баню,Быт,40
Сходить на пару,Образование,120
Провести урок,Работа,60
Поработать,Работа,50
Написать сочинение,Образование,110
Сделать уроки,Образование,150
Провести собрание,Работа,120
Дописать отчёт,Работа,20
Приготовить поесть,Быт,60
Закатать варенье,Быт,70
Съедить к бабушке,"Встречи, Путешествия",300
Съездить на дачу,"Встречи, Путешествия",300
Выпонить работу по дому,Быт,45
Сходить в цирк,Развлечения,120
Научиться готовить оладьи,"Хобби, Образование",90
Полить цветы,Быт,10
Назначить встречу с нотариусом,"Встречи, Документы",10
Сходить в мфц,Документы,60
Выпить чашечку кофе с другом,Встречи,25
Выучить 30 иероглифов,"Образование, Хобби",25
Развестись с мужем,"Отношения, Документы",100
Сдать детей в детдом,"Отношения, Документы",30
Записаться на маникюр,Красота,15
Записаться на стрижку,Красота,5
Сходить в салон красоты,Красота,120
Повесится,Здоровье,15
лекции в Мидтауне,Образование,120
патрулирование Квинса,"Работа, Хобби",150
ловля мелких воришек,"Работа, Хобби",69
помочь тёте Мэй с садом,Быт,30
починить протекающий кран,Быт,25
срочная фотосессия для Джона Джеймсона,"Хобби, Встречи",100
тренировка новых веб-патронов,"Работа, Хобби, Спорт",30
тестирование улучшенного спайдер-гаджета,"Работа, Хобби",25
перехват грузовика с оружием у «Криминального синдиката»,"Работа, Хобби",50
свидание,Отношения,90
встреча с Доктором Стрэнджем,Встречи,30
патруль в районе Чайнатауна,"Работа, Хобби",50
проверка новых угроз,"Работа, Хобби",20
помощь Невероятному Халку,"Работа, Хобби",30
кино с Недом,"Встречи, Развлечения",120
тренировка с Железным Человеком,Спорт,100
ремонт костюма,Быт,35
Ловля Осьминота,"Хобби, Работа",70
отдых крыше с горячим какао,Развлечения,30
написать твит,Хобби,15
разоблачить фейковые новости CNN,Работа,50
звонок от гениального адвоката,Работа,20
интервью для моего нового шоу,Хобби,45
Летим в Флориду,Путешествия,120
встреча с самыми умными людьми,"Образование, Хобби, Встречи",60
"Обсуждить, как сделать Америку ещё величайшей","Хобби, Работа",30
подписание коллекционных кепок MAGA,"Хобби, Работа",50
Судебное заседание,Документы,110
ралли в Техасе,"Хобби, Путешествия",100
Запись нового эпизода подкаста,"Хобби, Встречи",40
совещание по запуску Trump Coin,"Работа, Встречи",130
День в офисе Trump Tower,Работа,1440
Подписываю документы,"Работа, Документы",40
даю интервью Fox News,"Хобби, Встречи",110
ужин с Иванкой и Дональдом-младшим,"Встречи, Отношения",45
Гольф,Хобби,115
сбор средств для кампании,Работа,120
Церковь,"Хобби, Здоровье",60
большой семейный бранч,"Встречи, Отношения",60
доклады Сената и Военной коллегии,Работа,95
переписка с Вольтером,"Хобби, Отношения",65
чтение новых сочинений Дидро,Образование,70
приём у фаворита,Встречи,48
Инспекция Академии наук,Работа,120
совещание с графом Паниным о делах польских,"Работа, Встречи",120
Путешествие в Царское Село,Путешествия,500
Осмотр новых павильонов,Работа,300
чтение трактата о разделении властей,Образование,45
лёгкий ужин с вином из Крыма,Быт,30
Аудиенция с послом Пруссии,"Работа, Встречи",120
указ о расширении губерний,"Работа, Документы",15
бал в Зимнем,"Развлечения, Встречи",200
Заседание Комиссии по составлению нового уложения,Работа,110
прогулка в Летнем саду,"Работа, Здоровье",30
чтение «Энциклопедии»,Образование,50
Приём доклада от Суворова,Работа,30
совещание о колонизации Новороссии,Работа,120
итальянская опера,Развлечения,120
Молитва в придворной церкви,"Здоровье, Быт",30
тихий час с мемуарами,"Образование, Хобби",60
сходить за водой к колодцу,Быт,20
отвести корову Маньку на выпас,Быт,30
помочь деду дрова колоть,Быт,20
Поучить математику,Образование,30
Окучить картошку,Быт,100
ловля рыбы в речке с пацанами,"Встречи, Хобби, Развлечения",160
испечь пироги с малиной,Быт,50
написать сочинение на тему «Моя мечта»,Образование,60
посидеть с дедом на крыльце,"Быт, Встречи",20
послушать рассказы деда о войне,"Образование, Развлечения",40
нарисовать в тетрадке космос,Хобби,30
помечтать о цивилизованной жизни,Хобби,19
последний день в школе,"Образование, Встречи",1440
убрать класс,Быт,20
спеть песню,Хобби,5
надуть шарики,Быт,15
заказать пиццу,Быт,10
дать пинок под зад однокласснику,"Развлечения, Хобби",5
подергать Ленку за косички,"Развлечения, Хобби",10
посасать сосульку,"Развлечения, Хобби",3
поесть в школьной столовой,Здоровье,30
спрятаться в туалете,"Здоровье, Хобби, Развлечения",20
разрисовать парту,"Развлечения, Хобби",10
прикрикнуть на директора,"Развлечения, Хобби",5
зайти к завучу на чай,"Развлечения, Хобби",15
разобрать крышу в классе,"Развлечения, Хобби",120
покрасить шкаф,Быт,30
смыть с доски,Быт,5
намочить тряпочку,Быт,5
поздравить учительницу,Быт,15
ответьти на сообщение,Быт,15
сделать геометрию,Образование,40
ответить на вопрос,Образование,10
написать контрольную,Образование,60
сдать ЕГЭ,Образование,240
пройтись маршем,"Развлечения, Хобби, Спорт",120
выучить стих,Образование,20
разобрать рюкзак,Быт,5
купить ластик,Покупки,20
стырить ручку,"Развлечения, Хобби",6
одолжить пенал,Встречи,3
порвать рюкзак,"Развлечения, Хобби",5
стырить сотку,"Развлечения, Хобби",2
сдать мукулатуру,Хобби,15
сделать опись населения,"Работа, Хобби",500
придумать название для страны,Хобби,12
спеть гимн,"Хобби, Развлечения",5
казнить неуча,"Хобби, Развлечения",15
поставить двойку,Образование,2
объявить войну,"Работа, Здоровье",5
поставить ультиматум,"Развлечения, Хобби",10
собрать плиту,"Развлечения, Хобби",40
вызвать мастера,Встречи,10
заработать на бургер,Работа,60
поехать на ярмарку в соседнее село,Путешествия,300
продать мёд и варенье,Работа,60
покупаться в пруду,"Развлечения, Хобби",60
половить лягушек,"Развлечения, Хобби",40
работа в огороде,Быт,100
изучить грамматику русского языка,Образование,30
поесть доширак с китайскими приправами,"Развлечения, Хобби",30
Ответить маме в WeChat,"Быт, Отношения",10
экзекьютив-брифинга,"Работа, Встречи",120
звонок с Apple,Работа,20
Инспекция нового завода в Техасе,Работа,350
встреча с Министерством промышленности Южной Кореи,"Работа, Встречи",120
презентация новой платформы Galaxy AI+,Работа,60
одобрение бюджета на квантовые вычисления,"Работа, Документы",30
Посещение Samsung Biologics,Работа,100
Велеть расширить мощности рабам,Быт,10
стратегическая сессия с советом директоров,Работа,120
запуск программы «Zero Waste to Landfill»,Работа,60
разослать внутреннее письмо сотрудникам,Работа,10
Рабочий завтрак с президентом Южной Кореи,Встречи,30
визит в Samsung Innovation Museum,"Встречи, Путешествия",55
тихо поработать в кабинете,Работа,50
анализ данных с двухфotonной микроскопии,Работа,110
обсуждаем паттерны активности в префронтальной коре,"Работа, Встречи",90
правка статьи для Nature Neuroscience,Работа,30
Лекция аспирантам: «Нейропластичность и её пределы»,"Образование, Работа",120
тестируем новый имплантируемый чип,"Работа, Развлечения",100
Zoom с коллегами из Цюриха,"Работа, Встречи",50
вживление вирусных векторов в стриатум крыс,"Работа, Развлечения",200
Пишу грант на изучение нейронных коррелятов сознания при коме,"Образование, Хобби",300
консультация с клиникой,"Здоровье, Встречи",20
помогаю интерпретировать fMRI-данные пациента,Работа,60
похвалить Лин,Отношения,5
поругать себя,Быт,5
Анализирую данные с помощью Python-скриптов,Работа,60
записать идею в блокнот,"Хобби, Развлечения",15
